00317170c0bbf026da58491b1f91e87030edcd78	Source_Files/RenderMain/RenderVisTree.h
00c89f2bd722fc6fe5d7e966ef2c20c33fe06035	Source_Files/Lua/lua_hud_objects.h
01f7f2636d0c44006d88b2681fe58ed8564b7eb7	Source_Files/RenderMain/OGL_Faders.cpp
021f1864a8ab66f5548631214ae534d1bbe82b4e	Source_Files/GameWorld/ephemera.cpp
02d10aaff680ee7e2eb94eb0bc88e105bf764377	Source_Files/Network/Update.h
0321b1bb3f19943470e392b24f1d6ffae3c83b08	Source_Files/RenderMain/AnimatedTextures.h
049c2278442eb89def8d4f70baadde67f6b9cecd	Source_Files/Misc/VecOps.h
05150f630824d587d9872e1c87518827943464ee	Source_Files/Network/network_star_spoke.cpp
06612be84ed27850f3059d99e452ea8d3d8e6bad	Source_Files/Lua/lua_saved_objects.h
06ee9e2bd28ae44ac044b116d35c13ecd8786cb4	Source_Files/RenderOther/ChaseCam.h
074b7f98f2317ca25389e82e1adbff02befce0be	Source_Files/CSeries/cstypes.h
07f206c249f11b4d70ef97ceb0fb56435628dd08	Source_Files/Network/network.cpp
090dceac05bc6e7b929f2d41ac353cf44ce10b76	Source_Files/CSeries/cscluts_sdl.cpp
0984fd086561008a34634f0d6fcbda6588ee6788	Source_Files/RenderMain/ImageLoader_Shared.cpp
09986f29ded0adbd020e9467154f0947d0f223c5	Source_Files/Misc/Scenario.h
0a509e670b053075a0a9acd163e694b2a97c7a91	Source_Files/Misc/powered_by_alephone.h
0a9a2007c93ef92f75910ed783617a92799c2de7	Source_Files/Misc/powered_by_alephone_h.h
0aba05ce2f372a7ed320e34161d6b84a64167056	Source_Files/Lua/lua_music.cpp
0ba68f4afff212fee6fb12d0e90b56e1996f9981	Source_Files/Misc/key_definitions.h
0c769e400fa5810b6867a98bcd2321470603ec8c	Source_Files/GameWorld/monsters.h
0c9e35e660f241ab48f902bd1fc1b483b8589ff5	Source_Files/ModelView/StudioLoader.h
0cbc0cfd1f5d9c81818c08a122ce142ff414651e	Source_Files/Lua/language_definition.h
0ce0d4a5561d8ed07ac358019af1eef7c3ade882	Source_Files/CSeries/csalerts_sdl.cpp
0ce62f14006bc84f41230de9557dc591575b3b25	Source_Files/GameWorld/scenery.h
0d43eb4dd730cd7f3e0fad6dc0e611a7fde84cce	Source_Files/XML/QuickSave.h
0d8c401bf1a78a176f565dfb65823e30c1ff7add	Source_Files/Lua/lauxlib.h
0ea1abb73cc79be629792affbc4852b8f6ff91d8	Source_Files/RenderOther/HUDRenderer_SW.cpp
0ebc9851d495501d28920eb30c45bdf5c5b2a53a	Source_Files/Lua/lua_ephemera.h
0edc883fd5ffbf51cb711538ebfde8adf2fa2998	Source_Files/GameWorld/map.h
0f632b1109579e63b4a0e48d04a4bae07323eedb	Source_Files/RenderMain/OGL_FBO.cpp
111e59401d669bbf19bee3947087751de382d976	Source_Files/ModelView/WavefrontLoader.h
124c73a213f3cdee15cd0e24783689d6bb957217	Extras/extract/sndextract.cpp
12bf9980407880380fb9f90283c0a86052f87428	Source_Files/Lua/lua_ephemera.cpp
13526f9095f1021eb2b5a69ea3d2109dfedaa99c	Source_Files/RenderMain/OGL_Render.cpp
14a808682f30b5cbd71bc6973af4da2f1c1788bb	Source_Files/ModelView/Dim3_Loader.h
161eabf4cc163ad7a3d690a56805a94e06f26657	Source_Files/Lua/lua_script.h
16b7be80f332e3b3e548a48aa0d32dd7477c060c	Source_Files/CSeries/csfonts.h
16be6d3c11ed70756d71de4c465010a6541b41d5	Source_Files/Misc/ScenarioChooser.cpp
1710db4a3598d221a54c5ebfc0c38df1480085e1	Source_Files/Lua/lua_map.cpp
17795ecf10ccead14477b282cb21348be82d739a	Source_Files/RenderOther/fades.h
179d2d2e42af67c2345cc4d4059d5a924816d44f	Source_Files/XML/XML_MakeRoot.cpp
17ae710e9cacb3652aff5483c34257ad31101203	Source_Files/GameWorld/media_definitions.h
17d3a40f41b052c8ecf46eda0dbd1dc70126a02a	Source_Files/Misc/PlayerName.h
18e2bafdc359014b4a29823c1f9948dac88503e4	Source_Files/RenderMain/SW_Texture_Extras.h
18e72dda67e47d0817c31dcd24de8946b5f10041	Source_Files/Misc/game_errors.h
1915b2b05f2f446a3add6123ed9db4e3c7931e7e	Source_Files/GameWorld/effects.cpp
1a10d5a1df417299e3ce32f557d63d0e93a362ce	Source_Files/Misc/CircularByteBuffer.h
1af12eb6d70021234a57f9ea74755e85a2648e64	Source_Files/Network/Metaserver/metaserver_messages.cpp
1b91609a65231b784c492a194fae775ac908fb96	Source_Files/Files/Packing.h
1bdded5057a5bfff1d6b05b9f24db4330c641339	Source_Files/Input/joystick.h
1be8e57d1a916f406010e9819e43ce210a89d0b2	Source_Files/Lua/lparser.h
1c085a5a5cf3f3d9f22a64d28c6fdf5511cf527a	Source_Files/GameWorld/projectiles.h
1cdfcacf5ed77409c1e5325f5ec7c8823f547494	Source_Files/Misc/preferences_widgets_sdl.cpp
1cfc3d025e5ac7af93797f6d8aca97f8499733f2	Source_Files/RenderOther/FontHandler.cpp
1d494e4a6065afd4e87449665a6a0ccfe76d5646	Source_Files/CSeries/cseries.h
1d7bf1ba8ada690cb55fea03b375e8c6652f1a6b	Source_Files/Misc/DefaultStringSets.h
1e480d925e86aab55e7f33c81bade85e0ff0caea	Source_Files/Network/StandaloneHub/StandaloneHub.h
1ed0840b429cd639712c923577a3643a3ccf5836	Source_Files/RenderOther/game_window.cpp
1efa2fcee0107238665574f9db7746ed287dd5bb	Source_Files/GameWorld/monsters.cpp
1f192da59ddcbc772aed5f9fcdb4b0f61fc4ee1b	Source_Files/RenderOther/HUDRenderer_SW.h
1fee78d97515f56523357175834bcf68a5219ce7	Source_Files/RenderMain/collection_definition.h
20681aa34b2a9078ff43260a9cbdeaaec2d6aca7	Source_Files/RenderOther/screen.cpp
20ab038de19fe3ef4b23742fc88671ae8951feed	Source_Files/Misc/preference_dialogs.h
21c982b0f6970a6fb4a39364b1f1f77d0df82e73	Source_Files/RenderMain/OGL_Subst_Texture_Def.h
221fe7aa1c203ae25f39263e4181a3beb5974262	Source_Files/GameWorld/platform_definitions.h
223619958fd5f62e52fd693faf6e2834c613d4a0	Source_Files/GameWorld/placement.cpp
2277c0bda53684b01e800c16478f0f9f278cd991	Source_Files/Lua/lua_objects.cpp
2328ab30464ac06c97767e8ac3b3a7b441df1e62	Source_Files/Input/mouse.h
25119b2c07e211f461cea088e29d2a7a15360f59	Source_Files/RenderMain/RenderPlaceObjs.h
2572bd0bb29a29d142f631937614bd2158d171ef	Source_Files/Lua/ltm.h
25c31d6fc0d39299b180b6f3c2977c20567bc026	Source_Files/CSeries/BStream.h
26a35477766aa62a9f47b594188238baba94cefa	Source_Files/Lua/lua_hud_script.cpp
272e3305f9207fe80e4869ddf61f9ef64f7ec74a	Source_Files/RenderMain/RenderPlaceObjs.cpp
27e7017fbc27339009d027e2a911b84b8c6b6fe2	Source_Files/RenderMain/AnimatedTextures.cpp
29457dd15a5c73f2f402bbfb3009d916b4b18b87	Source_Files/RenderMain/render.h
2a593e3bfd27d3695942117313cde85ae4400aa2	Source_Files/Lua/lua_projectiles.cpp
2ab72fa2d1d0e3c6f152a98fc780f06dbd26c3d0	Source_Files/GameWorld/item_definitions.h
2ad0f13f481f3acc7eec224dcae7a5d88cf1e8ad	Source_Files/Sound/SoundManagerEnums.h
2afbb4450ca92245db5c30cb792479533583fe16	Source_Files/RenderOther/overhead_map.cpp
2b0b9b4305635ece1e504e8a4b61dc6b97ba3d14	Source_Files/GameWorld/platforms.h
2b809a71cdb201da20262ef2db65c20dc9bffb6f	Source_Files/RenderOther/Image_Blitter.cpp
2b967621b6ab427772a47ae5fe0ad4b56d5686d1	Source_Files/Files/preprocess_map_sdl.cpp
2ba7303ca044d8dfffa8554d273e5f6bf8361628	Source_Files/Lua/lopcodes.h
2bbb2819421650c60adf1ebbc9b2d608c41bd8e6	Source_Files/RenderMain/OGL_Headers.h
2c77d74660de90f0c6c214c28bdd2d61f4728281	Source_Files/Network/network_dialogs.h
2ca98ad4571fd3769eeca4c02b088062a513a401	Source_Files/RenderMain/OGL_Textures.cpp
2e21523ada728a1f9e36003e29a9b726634ac42d	Source_Files/CSeries/byte_swapping.h
2f03819ed91108fbe4b1b63b162e7bd5f664295e	Source_Files/GameWorld/pathfinding.cpp
2f387ec0ceb9ccf7140f6b226228e19a4a42ffa4	Source_Files/RenderMain/RenderVisTree.cpp
2f85cee1c20b08375d4c48e5a15f0604794b9be2	Source_Files/Misc/binders.h
2f9079483b7f2150f66582fa5230e3b947d24603	Source_Files/RenderMain/Rasterizer_Shader.cpp
2f922dc8180b922f412207d08430f37dbfdeab3f	Source_Files/Lua/llimits.h
3004f17a2613c6cb5996584f426a595cde4a5888	Source_Files/Misc/Logging.h
311253cd58e41d2bf4728f14fb32d0316361f3b2	Source_Files/Misc/thread_priority_sdl_posix.cpp
314e95a2d47b39a8e74e974011260b77cc2caf0d	Source_Files/Lua/lapi.h
31e3c288148c55e828a47086c920d78deee5c2e4	Source_Files/RenderOther/overhead_map.h
32164400bc14beada0f201860b55c929054424b3	Source_Files/Files/crc.cpp
32b245ffcf7ca20dcef398f4dcfd4ece885957b6	Source_Files/RenderMain/OGL_Setup.h
32f838a5b09c8f406c74cc62013fb950ccf6058e	Source_Files/RenderOther/HUDRenderer.h
344e08bbdf4cf5915020b1b2cdafd25533566f94	Source_Files/RenderOther/OGL_Blitter.h
3481cacbedc108f9f0391353cac580ed092ccfb0	Source_Files/Lua/lcode.h
34a86a3bafb14fc3a73f5bab45a3dba8ab58e834	Source_Files/Network/StarGameProtocol.h
34d0115d322994b3d71119b5e66f90457f441d27	Source_Files/RenderMain/RenderSortPoly.cpp
35c5be997879a7662051a8129d60171feb9efd00	Source_Files/RenderMain/OGL_FBO.h
36861f3165660431d9a3939777e58d3423c04d72	Source_Files/Files/find_files_sdl.cpp
368e0b8d12ffd1d237837f0a49989f42f5d9d397	Source_Files/Sound/song_definitions.h
368f21ce3bc227ff28c4a242c2016f957c7febb1	Source_Files/Network/PortForward.cpp
36c3a0b4224fe5f416f40364f0437808744fa8b0	Source_Files/Misc/Logging.cpp
37cfa9686367c338c37473791ce60983b374ea17	Source_Files/Lua/lgc.h
39949a2ab3c3de5461df4b4af23d29104ec0cc89	Source_Files/GameWorld/dynamic_limits.h
3aa0a7e858bba40b9e31647126439092b92fcce8	Source_Files/RenderOther/ViewControl.cpp
3b2ac1ca93b9c9c9e872040ca49764741e9773dd	Source_Files/Lua/lualib.h
3b95961ded7432dbbe160b26e359465451ddc771	Source_Files/Network/PortForward.h
3cafcb45f9b573f3fe6fed64173f91462e836ea3	Source_Files/RenderMain/Rasterizer_SW.h
3cb2f950285483d34297f6a50476fdeb9ae87dcc	Source_Files/RenderMain/OGL_Render.h
3d7f90c33ae8525c126108fda30f85d506bdb3a9	Source_Files/Files/game_wad.h
3d9311d67d1f3e9a194bf1db59bb0129d2dfab9c	Source_Files/RenderOther/HUDRenderer_OGL.h
3ec13048356836a6892b08e92422b878cc8b3cf9	Source_Files/ModelView/ModelRenderer.cpp
3ee772df980da6012fc333cddc7717fb1d8009ca	Source_Files/RenderOther/OverheadMapRenderer.h
3ef1e3ee51a2dad9069083027e23e064d7cd92b1	Source_Files/RenderOther/images.cpp
3fbde0c4706285e998416aa5c556cc529bbbd1ea	Source_Files/Sound/SndfileDecoder.cpp
406b354cf3255e2bfc6a3de63a9e7f4af260a601	Source_Files/Lua/lua_objects.h
416b05a789f78e9f1b5076a029163489fbf58ab2	Source_Files/Lua/lua_script.cpp
4186d166f1f1fbebf7cc7c9b0b4078345e1a8b7b	Source_Files/GameWorld/map.cpp
429bc5d26dd712af8c9e6ec89f7c71ce91fee06e	Source_Files/RenderMain/OGL_Setup.cpp
437aa3aff61b027ff366155793cf13fbfbbd2394	Source_Files/RenderOther/OGL_LoadScreen.h
44e4d1be07f64c8c12d6aa0e9796c6f176b0afda	Source_Files/Misc/Console.cpp
45f674cf783db1613bd7744b2eabb4c4735961b2	Source_Files/Lua/lua_mnemonics.h
46d92be0a599de7a9c9ea6efa3dafc0294438254	Source_Files/Files/AStream.h
46ef8f14513549f7ec1e92cf0f7dbee3f49d4962	Source_Files/Misc/interface_menus.h
46ff27bce6bb57712019c35a704eef13d3dd7d53	Source_Files/Misc/PlayerName.cpp
4756485a4acd9e8aab430a550ea58b511046020a	Source_Files/Network/HTTP.h
48c3b007b9c40923d8c06700ab67d898b11f8eb8	Source_Files/CSeries/FilmProfile.h
49d27bd8bfe5ed7cfd2ebc16ea080fc4e907ec7a	Source_Files/Network/Update.cpp
4a02f4cab3bde39c084a168825953118b943b8c6	Source_Files/RenderOther/motion_sensor.h
4b1b1592ba0437c792e2bef86987034e9f6edf8d	Source_Files/Network/Pinger.cpp
4b417f09c6e20d71950e843d752fd8eb26590fae	Source_Files/XML/Plugins.h
4c3ab87dd9b0c236c2e8f4f5a1161df80eb11cb1	tests/main.cpp
4c4b6de17dd348bf583792b1e92872d6facf8070	Source_Files/Lua/lua.h
4ce7e7f7b1f841c2949723e2305ddf6fbfc6dd26	Source_Files/RenderMain/shape_definitions.h
4d37475b6de99e61c4ee3234fa52b5316b28a2e7	Source_Files/Misc/Statistics.cpp
4d82a62471e109b094a73136edf1d83d6f3e97d7	Source_Files/Lua/lzio.h
4dd9094a23924742d46f11e3bc87bcdd3ff84349	Source_Files/TCPMess/CommunicationsChannel.h
4face930dba38e57ed4128d0434871a7d5acff07	Source_Files/Lua/lfunc.h
4ffb1ca828456d0db24ef3173787705530263e30	Source_Files/Network/network_capabilities.h
4fffe9a69763fa7e6bf25a4df9488263fb28df62	Source_Files/Network/NetworkInterface.h
505e864a00b9cd2fe2324bd237453cb541dd05ef	Source_Files/GameWorld/devices.cpp
51c0fa8bade94ef6c08ec1e3a749d1af448bb193	Source_Files/Sound/ReplacementSounds.h
52ecda8d93bbb7df2cbdf657e693cbb5be199eaf	Source_Files/Network/StandaloneHub/StandaloneHub.cpp
5343c50191b1c7753f7481a30cded05efaaba0e6	Source_Files/RenderOther/screen_definitions.h
53ea14abdf8aada4d27ddb79621a3ad36237aacf	Source_Files/Lua/lua_player.h
5499e4f9fbe30ae7d2f0001fd23c1fd6f83e8567	Source_Files/RenderOther/Shape_Blitter.cpp
563f182de590ed6f83c6ed32c6358f89ea298d06	Source_Files/Lua/luaconf.h
582a61d97e184490771fd96951d0e24a7e29bb4d	Source_Files/Network/ConnectPool.cpp
58840685853e9bef3295ece20ba64ae9446e5602	Source_Files/Misc/vbl.cpp
59166e3c090a4422642af95cc0a7ab3bee23bcad	Source_Files/Videos/Movie.h
5954e0002ea8b07b329effc300e26570ce1b102d	Source_Files/RenderMain/OGL_Textures.h
5971b2065cf377b277f3b6c3cbaadc89d055ec86	Source_Files/Misc/thread_priority_sdl_dummy.cpp
59c206678acf63b35e6f6285f46a84b6c7cb55a9	Source_Files/Sound/OpenALManager.h
5a248bb125714342ac96808a4317556e30399bfc	Source_Files/Misc/vbl.h
5b0e59aa11a270c43e16cf9daf8631c6b635c698	Source_Files/RenderMain/OGL_Subst_Texture_Def.cpp
5b7642d81651ceb0a654db6e0067be20750a07ed	Source_Files/Network/NetworkInterface.cpp
5db84946ae5216826b1a9dfd92227b7b482c241c	Source_Files/Misc/CourierPrimeItalic.h
5e86872825a119248ec67b108664ca5ad09f4d15	Source_Files/Misc/shared_widgets.h
5efd24237f07204ec1ba38b1cdca73fe215b1993	Source_Files/TCPMess/Message.cpp
5f03c1c1532bb854e135f66737f747ce33847d41	Source_Files/CSeries/cscluts.h
6061b83dbcc409b08d8b69f3ad7197ddcd26e8f7	Source_Files/Lua/lua_player.cpp
610fb928b5a27ac4c8b2073022a6bab084b748ee	Source_Files/RenderMain/RenderRasterize.h
619c90a1e837786e105d691ba8dea2d3e840410a	Source_Files/GameWorld/physics_models.h
61f522cd0e89867bc02869b41ed55c7924e5b68b	Source_Files/Misc/PlayerImage_sdl.cpp
62989d18c458b2e337bb5fc8c59ccf121fa55b7e	Source_Files/Input/mouse_sdl.cpp
62b7aa35eed642f2ef7d5154384fa392ce1da54a	Source_Files/Misc/interface.h
62fe118f5e3b131e5a03b57d2a851d46d288ef0a	Source_Files/ModelView/StudioLoader.cpp
630eb6cee42749ba67c83f3d7679c1f0266dcfbb	Source_Files/GameWorld/weapons.h
63a722f4866737ca06207e90685483bbbdbfa4bd	Source_Files/Network/network_star.h
6635a15cf500cdbf3c3fa3ad32e3c9738f8d188a	Source_Files/RenderOther/TextStrings.cpp
66620ac4ddbd8d15595c23c90b6e0d5383f2857b	Source_Files/Lua/ldebug.h
6870b855d9640aa1dcc7e8d76e28f38b71d5172d	Source_Files/Network/network_messages.h
6881cc6b3d66264349502ef246483c5ffb946bec	Source_Files/Misc/preferences.cpp
6b1ad4a2927eff2ef7af12eaa2bd2b0213b54258	Source_Files/Sound/SoundFile.h
6baff6fe720330e3b64400d5d0cbdb195ad43603	Source_Files/TCPMess/Message.h
6c1acae45b73c10035e34514e62db33c0a8551db	Source_Files/Network/StarGameProtocol.cpp
6e1a9ee94df390a4d5048f2f42c38a92158f4273	Source_Files/Lua/lstring.h
6e71ce99a9ebe316c87828014a85b4a939ddc3d7	Source_Files/RenderMain/scottish_textures.cpp
6e7a4af29e2bc24160f90d63df7fddfa9be9ba3f	Source_Files/RenderOther/HUDRenderer_Lua.cpp
704aff1e9805848d184cab2bf801904a05196d55	Source_Files/GameWorld/world.cpp
713a0f05132ca65ede9be129c1bb19d5b2152b9b	Source_Files/GameWorld/map_constructors.cpp
71a2ec3621f8dda0a34e815e83405adfd0cc8db0	Source_Files/CSeries/csdialogs.h
71fdd2af14f291e2d21b259c69b291a8626a180b	Source_Files/RenderOther/OverheadMapRenderer.cpp
7318d27a680db4ca4525594151f91d5d09bfe030	Source_Files/Lua/lua_monsters.cpp
73bc8e4cf1230e2fa8cd09756b795793fafa9140	Source_Files/Network/Metaserver/metaserver_dialogs.h
74a71852eb4110473b746b955b900da207a0c17b	Source_Files/Network/SSLP_API.h
74f8a7d329934791cfba2dadb9747907aa1ff068	Source_Files/Files/wad_prefs.h
7541abe30cebcc06fecf946568b7900c68809f31	Source_Files/GameWorld/media.h
763d89c6d42d72b0b4c92c05298ee9c0e5cfb934	Source_Files/RenderMain/Rasterizer.h
767cf6ff7fc22ffe7aed5e52512bdffea9c7cee4	Source_Files/Sound/SndfileDecoder.h
774a091dbb8da743228d71a6acc7eba09ba64948	Source_Files/RenderMain/textures.h
778852fd17087faef30c4eb698778f569e163dce	Source_Files/GameWorld/editor.h
77d8b60cae7b5fe61c6d19767e54286fc146bced	Source_Files/RenderMain/DDS.h
793178e53164eb6ecdcb7b249dc4a3c2066ee563	Source_Files/CSeries/mytm.h
797a6abf884485b98c2628f7cd34e20d51e5b183	Source_Files/Files/find_files.h
79b3e8e6d47e46be40b739fef94eb039a64e102a	Source_Files/Network/NetworkGameProtocol.h
79dfc04755f57a0deee8cfec1cf0f40686e84943	Source_Files/Files/wad_sdl.cpp
7b59256b164b93d5e88d0f16988c830bb264e19f	Source_Files/ModelView/Model3D.cpp
7c09434de5343d7d0d67608c6d6b4af110e0e97a	Source_Files/GameWorld/physics.cpp
7c35ef003a09a4bfd9f722336827b2f4fad455f8	Source_Files/RenderOther/screen_drawing.cpp
7cf4387777dcf5357f1cf7f30427375c44722893	tests/replay_film_test.cpp
7d2ab3fa7f6ad5ead83bc4bf103e6cc5f7ffff36	Source_Files/Files/wad_prefs.cpp
7d35a60286d8973d3f9df0442a245da9b1b586a0	Source_Files/Lua/lua_templates.h
7f08924b4d55ca8a8e7c81af62f0cca855b18486	Source_Files/GameWorld/weapons.cpp
7f5736faf3dea1404ae30f45762bbecbbceb4d43	Source_Files/Network/Pinger.h
7f8a9bfd52a149d009c795c9a51a76737416c0fd	Source_Files/RenderMain/Rasterizer_OGL.h
7fec4f2115eef307e3258f6417b5de51646262d0	Source_Files/Lua/lua_music.h
8016f09cc5c0a356cc0cf2cf470e5859b6c20d48	Source_Files/Sound/SoundPlayer.h
809aa7007ea7892bab4e455134de69d7a43eb4af	Source_Files/CSeries/csmacros.h
80ebb29a303a05c2c58142d11ea7b7dd646cd692	Source_Files/CSeries/BStream.cpp
818a5c11687d76b9d05f8213257909b5d725dcfb	Source_Files/Network/network_dialogs.cpp
81eb2141c20d7c3dc9e1c5b9f08dbc0e1a6325e9	tools/dumprsrcmap.cpp
8239960e3652c9751b5752232513fbde7069c814	Source_Files/RenderMain/low_level_textures.h
826ec778b040ba216febbcc7c94c60c4852e3517	Source_Files/Network/network_udp.cpp
83d940e764ac143f7d0b0103020f999c3f925cb0	Source_Files/RenderMain/OGL_Faders.h
83f1fcbb1c513b40c772f54118397046cc9ac447	Source_Files/Files/AStream.cpp
842c51e992a9c7e354384953a22787a10ab80fe8	Source_Files/TCPMess/CommunicationsChannel.cpp
85215a19a05c853ad5ed076373d0817f43fefc91	Source_Files/Sound/Music.cpp
855398a5b7eaeda491a2bf40d8b6aecd6710ca3f	Source_Files/GameWorld/lightsource.h
86263e8c298520d683cdf8dfcad9ef9c108e1b92	Source_Files/Files/preprocess_map_shared.cpp
86275a64b21fb5bbb1503a63f11c85f80416f057	Source_Files/GameWorld/scenery_definitions.h
86412fb6366f3d24d5032d3e9ce0defb476c7b69	Source_Files/CSeries/cspixels.h
864f703b8a74c7ae7f31c4b790cae7e9c71f7722	Source_Files/RenderOther/OverheadMap_OGL.h
875e12e64ce9002c31354dd8b39cc95fe4fdb782	Source_Files/Misc/Scenario.cpp
87769d8b61bc3e11396d6ee9c67c6033c2551d8c	Source_Files/RenderOther/game_window.h
895914a0251c96b4997c135a13600a2be1d0b57f	PBProjects/config.h
8aa0eed7a185ee90fd3cbb1e70bbbe558ea59c45	Source_Files/RenderMain/OGL_Shader.cpp
8ac67f401afabb91534a66ac6e49c2f863074716	Source_Files/shell.h
8b2c3b18aa6cf8970a1418c6c8b4b9ebe17db374	Source_Files/CSeries/cspaths_sdl.cpp
8b33e123e1b4622cffe18b8fda1812524df14c0a	Source_Files/Network/network_games.cpp
8c77fd8a016d069d3c11df48e287221b327f2ffd	Source_Files/Files/resource_manager.h
8d0046c3836f420b2cdaf54fdbf30890379c290b	Source_Files/RenderOther/OverheadMap_OGL.cpp
8d523d26f4383876cd5f4549bff1281c6813d4d8	Source_Files/TCPMess/MessageInflater.cpp
8db8fa4c6f4611d111decf05bbd3335c5b0cfe48	Source_Files/Videos/Movie.cpp
8e30c6cfc3285b9f49bd97bf8c3c1b5792ba6d3f	Source_Files/RenderMain/Crosshairs_SDL.cpp
8ec4a99fb08b4f2400edcbcf076a9219bdae658f	Source_Files/Sound/SoundsPatch.cpp
8ed717533aee14248716a835e1ad3b7389b71e03	Extras/physics_patches.cpp
8f74041aba4bd501c3099673bbc85f3032f835fd	Source_Files/Misc/vbl_definitions.h
8faeb101bf3cbcbf09d2d8d8fcbcc17e1e344b7c	Source_Files/Network/network_private.h
8fcb152d06b37b68767671c03bfb96a7f477d099	Source_Files/Sound/AudioPlayer.cpp
906e55fa7b492a9c7b1bbd267e4a482e68bc8715	Source_Files/Lua/ldo.h
90d28b71a8f5dd70678736f42dd285955ba2cd6a	Source_Files/GameWorld/items.h
9105f733f28f7a2a0f9ad56d42b66b79e8637e31	Source_Files/Misc/game_errors.cpp
912a0dcc6d15c1602f52395da1dfa52d17c50497	Source_Files/Sound/Decoder.h
91e15ba93016b22a000b4c1e92c95c2a1130cfd7	Source_Files/Misc/steamshim_child.h
9205f25f737ca8de031e18ad8360f4849d62d560	Source_Files/Network/network_star_hub.cpp
92af77662cf428b7bed631b7828d7331726e3e85	Source_Files/CSeries/byte_swapping.cpp
934082d5511f8b3153267a33162dc2a9cedd1f41	Source_Files/XML/XML_ParseTreeRoot.h
9359f38067be1cbc359a9d8deb006ec159744388	Source_Files/RenderOther/TextLayoutHelper.h
95eae7403bba0836e9252381f0dc525b85ac0752	Source_Files/XML/XML_LevelScript.h
9618c7a95844192bd2de7bb6c5db18442294bd96	Source_Files/RenderMain/scottish_textures.h
96baa5fc02d2289d92051f923f2492e0ae6fd26f	Source_Files/RenderMain/ImageLoader_SDL.cpp
972f3c7e8e718a07b7e58cc971e3b006a086b4a9	Source_Files/Files/Packing.cpp
9795601840bd5c81011f8da6df8bf19f1394417e	Source_Files/main.cpp
97b48ca0a4d40848594c03193b6a5fcdd1fa4a52	Source_Files/RenderOther/OGL_LoadScreen.cpp
9877b682ab85933ac30bf9bf1a1028ee42b55bc9	Source_Files/RenderOther/OverheadMap_SDL.h
98938a6c826272f072839c5bcd75d0c9d34db733	Source_Files/Sound/SoundFile.cpp
994a706259df94dd146ed00d4eb134bb33d14b35	Source_Files/Lua/lobject.h
9960cca2a47773e961fc8d9fcbd870952243c510	Source_Files/CSeries/FilmProfile.cpp
9978fa491367ac1be15dddb7c11ba9e979355959	Source_Files/CSeries/csstrings.h
9a6718de4ff34e7d92ae56184c37dc97fcd14ae7	Source_Files/Misc/shared_widgets.cpp
9aeba31304588278b9ceb92a7d052a4f0741a3d8	Source_Files/RenderMain/OGL_Shader.h
9af3ac8f457649e7b33a854dc54e4c7c9b71014d	Source_Files/RenderOther/fades.cpp
9b9276801f7db8423f1de4d1b231b623cb667ef5	Source_Files/Files/WadImageCache.h
9c3229dbcf798a5d065b41dc7d8cf78379209668	Source_Files/Misc/Statistics.h
9d88da15e3665b4649b9461b14ab8f64471ac634	Source_Files/Lua/lundump.h
9ed5b1f68dea04f8a910a04275d7d8fe0df64322	Source_Files/GameWorld/projectile_definitions.h
9f645c47cbd361812f84281b56172892299cfc42	Source_Files/CSeries/csmisc_sdl.cpp
9f92313fcd844542a02a5d8afc8878a795d83c95	Source_Files/Lua/lua_saved_objects.cpp
a07b7e5e7a7e2f59eff1a1cc6106e73ed4d47985	Source_Files/shell_options.h
a1b1f95991cf1d4c33e772f195b322430ceecad0	Source_Files/RenderMain/OGL_Model_Def.cpp
a25d84f662300853c645b0f1812e5e83d1dd46a3	Source_Files/Lua/lua_hud_objects.cpp
a294b9b847c4717e3337057705d1be6072fcbfd6	Source_Files/RenderMain/vec3.h
a29be12729c597ccc7d501c605a77971ea646c1c	Source_Files/Misc/CourierPrimeBold.h
a2bbcc5c8e840d630e6ddf84db939ebad61b159e	Source_Files/Lua/lua_hud_script.h
a467797c6ebbae8f6f5a8e1743fcc1db910e3ea1	Source_Files/Misc/thread_priority_sdl.h
a46a86d4dee16141361152605ad9b27a1fbee1c7	Source_Files/Network/SSLP_Protocol.h
a59b7d1fa55c0c17e58c61cada2321e6467eea90	Source_Files/RenderMain/OGL_Texture_Def.h
a5b641ac9a24f6d69c4465db8a7aa4ac9a491e31	Source_Files/RenderMain/RenderRasterize_Shader.cpp
a5e98c3b0ba9a25166d5a12ed0c75fd88f5c9019	Source_Files/GameWorld/scenery.cpp
a76339fd660559853a0945fd736e08084d7bb4f5	Source_Files/GameWorld/items.cpp
a7acbb742447c7c1c341ac9688f0b1c14afc7888	Source_Files/Files/tags.h
a84182d296d9cbbe050d74c1eaf8e7d9206e126e	Source_Files/Misc/CircularQueue.h
a9779199ad5ed4e119e173605a6ae632e3472b7e	Source_Files/RenderOther/HUDRenderer.cpp
a9c5e6ae6c3de782eb01fbcd3ab81c9551fb145d	Source_Files/Lua/lstate.h
a9cf4f363292f27ae39f490f507dbd9160f59851	Source_Files/GameWorld/effect_definitions.h
ab2cca7367155bfedeec5e9276577f506e6b0552	Source_Files/Misc/steamshim_child.cpp
ab99783b9825eba4034ffb73ee089866c6d63918	Source_Files/Sound/StreamPlayer.h
abfbdeb4369daa907ed229e7f2379b3fcec8961f	Source_Files/Misc/ProFontAO.h
acf73e544cc38a6fdc8e3dc668d092f84700f8ad	Source_Files/GameWorld/interpolated_world.h
ae84583bf4bcad60a80836cac588820a536c81f9	Source_Files/ModelView/ModelRenderer.h
af95b39d53c6d7436433096d8ade5efa944c569a	Source_Files/Lua/lua_map.h
b0872b0afb1e8a6fbba63185216a75eb5efb8854	Source_Files/shell_misc.cpp
b0a42d7298ce221852106ac56a40f15a5c19e327	Source_Files/Lua/lua_serialize.h
b14ed3da214244c03853939095b5154a10f0b80e	Source_Files/Network/Metaserver/network_metaserver.h
b1ff241aa3316bb4443909f9224aacd5a01983b9	Source_Files/Files/game_wad.cpp
b2f05a3b72974542aa6f41da455f46c45cfcc4c2	Source_Files/ModelView/Model3D.h
b4a04f901ecd2e253ea751e11244ac4c8df088cc	Source_Files/Network/network_dialog_widgets_sdl.h
b5c03c2ed6e11c3e7edb4542dd6e125c81a6c86e	Source_Files/CSeries/mytm_sdl.cpp
b5c6851e60f5c4b5a6f8193a07f4af886528bf18	Source_Files/ModelView/Dim3_Loader.cpp
b5cfc0a808d6a20ad4e24e3f5c6e25fb2c543637	Source_Files/Lua/lmem.h
b7c21c7a20391fd17ac1050cbe4d5372030db4ae	Source_Files/CSeries/csstrings.cpp
b864b6efbc8705a3a6c1856e08f30c02425e4ef0	Source_Files/Misc/CourierPrimeBoldItalic.h
b92d39b115ea03d8b51e9db20cd73cd3918cab1b	Source_Files/Misc/ActionQueues.cpp
b9ada8dc716dad95200ef6a0773fa239617a5d4e	Source_Files/Network/network_games.h
ba784c4a12d92c2d130e5486b2276e954094443b	Source_Files/shell.cpp
bbf5222dfa05c43dfaef65d15240359095b32464	Source_Files/TCPMess/MessageInflater.h
bc4d96ce7954d438c0ca23a6f54c0e0882dfd242	Source_Files/Sound/sound_definitions.h
bcfd16620d41e06a001d7aafb16df453108f6da8	Source_Files/RenderMain/RenderRasterize.cpp
bd1a76fed42024f30444ab7a3b225c6582f7b37a	Source_Files/RenderOther/HUDRenderer_OGL.cpp
bd359a0620c40e93eec1703788ce956674a6ddc7	Source_Files/Sound/Decoder.cpp
bd58c0685a67d66a2e74610563f3a6944351fcda	Source_Files/Misc/ActionQueues.h
bdc3ebe850aef5231fbc923449957565052dda4d	Source_Files/Misc/WindowedNthElementFinder.h
bec5f709a8e4777f2eaba7e16bb8d9a0b55c8d6a	Source_Files/Sound/SoundManager.cpp
bfbfd32ba6caf03e3a645d64aad9603ffe5388e0	Source_Files/GameWorld/effects.h
c0bbaadb3e872e522ebfd59dc829496b6c60165c	Source_Files/Files/FileHandler.cpp
c0cf766c94b448efc6a8dc9b1792a583cd69f1ef	Source_Files/RenderMain/RenderRasterize_Shader.h
c1119fcf718f5c80341e8e08dee5ecad0518e078	Source_Files/Network/network_capabilities.cpp
c166966668c4a12cc7d35d8170b9e843564de797	Source_Files/Network/network_dialog_widgets_sdl.cpp
c28e3846e321e2478c2aaeb8b3888c79640c514c	Source_Files/RenderOther/TextLayoutHelper.cpp
c314067dbd5d2cbb6444fbfb1b05b4ca56af3b5c	Source_Files/RenderOther/ChaseCam.cpp
c44c1986026681338106e7f0b2ff9d636efed548	Source_Files/TCPMess/MessageDispatcher.h
c57b7de0c58f4c35896110a969a651c3510b9af6	Source_Files/Network/network_dummy.cpp
c5d44e64683d5257bd5bb6fee0910c5f615ca4a2	Source_Files/Lua/llex.h
c6067e3f3d659e5539eec21fdec59e10aec7ad80	Source_Files/RenderOther/FontHandler.h
c61022c182e21044ea8398c6969177d11334f0aa	Source_Files/Files/FileHandler.h
c61262472fe64a9a841a31e0c5417da88ce6c78c	Source_Files/Lua/lua_monsters.h
c6406519d8cc1fc01c6412ad421df30be5e5b42e	Steam/steamshim_parent.cpp
c667990358361f6b41b214c46d4c3c58d11b278b	Source_Files/XML/InfoTree.cpp
c6bf74b60be854cb9a9726dc161688bb07757573	Source_Files/Sound/SoundsPatch.h
c6d88383f2ac7b5096aa0100e22e82a6ffdad699	Source_Files/Misc/preferences.h
c6e3ab7bf51744a279f7776cb00ca82147a8f8dd	Source_Files/Misc/alephversion.h
c754486cc818a01dbe5e7351977c292e23ffc4e1	Source_Files/RenderMain/Crosshairs.h
c759f805e000d5605bd053745c60281a8edf17ff	Source_Files/Lua/ltable.h
c7b55fbc343e7377b3a6155025b4f80bedf186d6	Source_Files/Files/wad.cpp
c7eb7a790a2a82ca79b918e49f9f47d39aa21465	Source_Files/Lua/lctype.h
c8f7d0b8667a451df9b053f45201f30145f9db61	Source_Files/RenderOther/computer_interface.h
cab06299bdca18c30ee225ec566442598e4aab2a	Source_Files/RenderOther/HUDRenderer_Lua.h
cab7a3871657845163a46935d7f4ead8c71e856f	Source_Files/GameWorld/marathon2.cpp
cabe886316dc80a303c5e168220f2da5cf2e635d	Source_Files/Lua/lua_projectiles.h
cb52b8803922aab53b952d97947e41f612d41a09	Source_Files/Sound/SoundPlayer.cpp
cb6a458e41e2bc4409a12e8aeb2771501af0c958	Source_Files/Misc/interface.cpp
cb90be9644ac7070e67b4138487ffacd477045d0	Source_Files/Misc/progress.h
cc4526230f24d3f754e55979d79220ac51feb26a	Source_Files/RenderOther/ViewControl.h
cc6099b2cf53c3cc633852a7f59b61bd3b9bbb97	Source_Files/Misc/PlayerImage_sdl.h
cca5d6cb998be18da36d8cffdbf2c85eddcc7212	Source_Files/Network/HTTP.cpp
ccc28a9413fd9c372d97bae3702687d1c18d92c3	Source_Files/CSeries/cspaths.h
ccf3359c537cb22085618af22abf36500274c458	Source_Files/Sound/StreamPlayer.cpp
cd0f840a434bb3de482693d1bcc2ec9ff630be4d	Source_Files/GameWorld/player.cpp
cd2e1646f394002842f931799297a0d422f4eb9a	Source_Files/Sound/ReplacementSounds.cpp
ce987314ab9b8b57480e7e62be2f959d51be439e	Source_Files/Misc/achievements.cpp
cfb1eb2380bf1b909a4bda2f1f915097d817d04d	Source_Files/Misc/DefaultStringSets.cpp
cfdceb66a1fe75ee8515ee3d4618d2d41373e461	Source_Files/CSeries/csdialogs_sdl.cpp
d066658fd3021665e9e5a89945c956d3ddf0896e	Source_Files/GameWorld/TickBasedCircularQueue.h
d07668e76a2fb99ced7a42d710f1651bc0b2f574	Source_Files/Misc/thread_priority_sdl_win32.cpp
d0b7613fd3d4f1164edceac713492a0de5458757	Source_Files/XML/QuickSave.cpp
d0cd1a9e1af7882b4b37084051cef7e34e99d029	Source_Files/GameWorld/ephemera.h
d199d341201c709a06c2cef1582c6374c593de36	Source_Files/TCPMess/MessageHandler.h
d1fffa0ea6e960e22405dfc60b9ee8ef77c4f686	Source_Files/CSeries/csalerts.h
d34c5e9ff847c788279705b9846fcbc825be6c30	Source_Files/RenderMain/Rasterizer_Shader.h
d4b6efe17066b9053ed70c0e4ed809ab79e57de0	Source_Files/GameWorld/media.cpp
d55e2ade82fcbb07b3b327940256020f77c032c6	Source_Files/Sound/OpenALManager.cpp
d5d6811e55d1c608057b34005a73cd020176a556	Source_Files/Network/network_messages.cpp
d70ad5fb5b034c1102bb4a4122e87787d5417b7f	Source_Files/Misc/AlephSansMono-Bold.h
d7381d36ccc29de487665695e0a39875106005cb	Source_Files/Network/Metaserver/metaserver_dialogs.cpp
d9a5c49a0eaaf51325ce9b94e7eb356f6e096635	Source_Files/GameWorld/lightsource.cpp
d9fed607dd874bc9be75952507647223bee76c24	Source_Files/RenderOther/OverheadMap_SDL.cpp
da442bb6329c32949d6f2d085cf1ff51e4a2ded1	Source_Files/Network/ConnectPool.h
db8d7617e698ba3ee66dd8d5e4e948d5cc9d1d19	Source_Files/RenderMain/OGL_Model_Def.h
dbc7d3a61ce07430c726b100629ec82f2738be4c	Source_Files/CSeries/csmisc.h
dc08188e14992aa1a3118e0ccfc458cd384fb9c0	Source_Files/Misc/CourierPrime.h
dc239a4047219d998c92dde679bff88ae3d6dddb	Source_Files/RenderMain/ImageLoader.h
dc639548f424af2c0d23fd91c3828fa17f3b66bc	Source_Files/Files/WadImageCache.cpp
dc8b7dceee5f03683ee6899f65029755ded92509	Source_Files/GameWorld/flood_map.h
dcb85d1c9b5fdae484b5e65fee2f2b2a4eb252a4	Source_Files/Sound/AudioPlayer.h
dde7807ed8a5eb00f338af983b6f38a1900ccfb8	Source_Files/Misc/Console.h
def3e93409726d088b002b310943d1d25655fc4a	Source_Files/GameWorld/player.h
df9a2ecf6a104c2b267810aacfb923c2c4f04d33	Source_Files/Network/network.h
dfe90ac54e387409bdca64951d287f7c57bc413e	Source_Files/Videos/pl_mpeg.h
e0048107025e98f84131f61fbd327f844419020c	Source_Files/RenderMain/SW_Texture_Extras.cpp
e0f1fdda216cb69383baa4ad131a2094ee47264b	Source_Files/shell_options.cpp
e13baa4caed8cead9bdacb362a90f1fd82ee620e	Source_Files/Misc/achievements.h
e21bcf17b1e5c2e5a5f7f0abae48ebe14572fb29	Source_Files/RenderOther/motion_sensor.cpp
e28a6d531aec033b217a935e6adf453ae7bae7ef	Source_Files/Network/Metaserver/metaserver_messages.h
e3033423c0bcaa6587825042e6fbcb2ede70011e	Source_Files/RenderOther/computer_interface.cpp
e416084dd9322ad1b83311b2315c58b1d79aa4e1	Source_Files/Files/resource_manager.cpp
e4992155dc4dfd1dda6af8e9666c15cc210e5a21	Source_Files/Files/extensions.h
e4daef81fd197884aefab9ce0fb3184bac97b473	Source_Files/RenderOther/Shape_Blitter.h
e534480d4b3f702469fdb2f9c4df6b335326216c	Source_Files/GameWorld/flood_map.cpp
e5cd9e66b60697a392a853fbe65ba46a88382342	Source_Files/Lua/lua_serialize.cpp
e5ef94f67cb2de098206d1c10297ac02646707f4	Source_Files/Files/import_definitions.cpp
e6683a40f5fa5f097a057730fc41f36e1f7b6e3a	Source_Files/GameWorld/interpolated_world.cpp
e6c830ed2283f9b3a2c9ef2452471f3054eadd65	Source_Files/XML/InfoTree.h
ea47273ac4a0208e69804ab3444328a2bee6c8f9	Source_Files/RenderMain/shape_descriptors.h
eae3605527349a49ed46972fae56ebdb999e0bb0	Source_Files/RenderOther/screen_drawing.h
eb958d169ca2c8419a82081b65f0ca2205537bd0	Extras/extract/shapeextract.cpp
ec017cf8a7ff911705b83867e09a88ca2f7b8d7a	Source_Files/Files/crc.h
ec22b3710c2dbd03c890a2a9173edb15bbedefcf	Source_Files/RenderMain/shapes.cpp
ec347a9c873f637b68f0f1f2bd9fb44ef9bac8d3	Source_Files/RenderOther/OGL_Blitter.cpp
ec3bd67eecda4efbeeb5b4efd57e4f9e65f7d1b9	Source_Files/Sound/MusicPlayer.h
ec6731acf61c7616ca85f06554f89f6eadd87bcc	Source_Files/RenderOther/Image_Blitter.h
ec75cae4e16e5109950f0af71efc7f8eaef1377a	Source_Files/XML/XML_LevelScript.cpp
ecd3d230bf3bc35d8ba95f7c1925ca81730b4b57	Source_Files/GameWorld/dynamic_limits.cpp
ecf252fde610b68bf4bd5e05422451d543922efa	Source_Files/XML/Plugins.cpp
ed40d10baabc0246f0378555376292194784425c	Source_Files/Files/wad.h
ed87f7f002c08ddaf506e341e25330d9462960b9	Source_Files/RenderMain/render.cpp
ee93bc3fc56d89059b4ce171b7f6fbfef1adc145	Source_Files/Misc/thread_priority_sdl_macosx.cpp
f0d5bed1b46b89e252a17a5f9508fe49a7c3fa9d	Source_Files/RenderOther/screen_shared.h
f195b2a065f03d61ab3719fa61620126ae281b72	Source_Files/Misc/preference_dialogs.cpp
f1db33aea622f4d60e88acadbd4fea9653a649c5	Source_Files/RenderMain/textures.cpp
f1fc319f42fd9f588af7558fe4848dab5e59905a	Source_Files/RenderOther/screen.h
f2088822f45159b12600e9f39b7dbd5ab12039a0	tools/dumpwad.cpp
f28595d9ae5f45f45a9a7c199b9d0d14d38976ff	Source_Files/GameWorld/platforms.cpp
f28c090d99a95526b5a3302f17767530e4e9a38f	Source_Files/Misc/preferences_widgets_sdl.h
f33a29a8f706f520dc92f5dd9a5568ec51977ca7	Source_Files/GameWorld/weapon_definitions.h
f351b228943d984d4406a3e4ef16ceae7e87bc8e	Source_Files/ModelView/WavefrontLoader.cpp
f45c3386e235191c93a6bfb82dc02aa26d83e7ed	Source_Files/Network/Metaserver/network_metaserver.cpp
f4be98630310f3927e0f559cad449c3d93406a33	Source_Files/Lua/lvm.h
f571e6056e5c52e4e9c141e34855b4f5efe8f0f9	PBProjects/confpaths.h
f6698c224ef9a3006a97db94f76f1593e89842c5	Source_Files/Sound/Music.h
f6add952bf5cf20b250d06c2a6266ffc5bd63ce3	Source_Files/Misc/Random.h
f7333d3c7554ede00a18c6e7dfb564230562d638	Source_Files/Sound/MusicPlayer.cpp
f74d0c969e19b4b766f9cb3f4341fcf025df3085	Source_Files/RenderMain/RenderSortPoly.h
f857a15d63491d623b8c02f0de46cf3a115a2a9d	Source_Files/Misc/CircularByteBuffer.cpp
f90b6b2520eedd57e1186b0d479e9f72d86aa362	Source_Files/GameWorld/projectiles.cpp
f97fe9be38863c3fcc456b8933a696cf8445ce25	Source_Files/RenderOther/TextStrings.h
f983c9705cc45d3576ee24063e19bf898db051bb	Source_Files/Input/joystick_sdl.cpp
f9ce21be5b5a579557bd0c1c82834f48bf86be97	Source_Files/Sound/SoundManager.h
fa166b7f016c0dc159ef6f2f8f1bd4dc5a19d76e	Source_Files/RenderOther/images.h
fab1c053b24e313709297483643a80ad2b09218a	Source_Files/GameWorld/world.h
fb989eacf13bcadc7b07c11edf7a94e05d2c938f	Source_Files/Network/StandaloneHub/standalone_hub_main.cpp
fd855e2b1108a62eba51fbaaaf756c6b0d1a86ec	Source_Files/Network/SSLP_limited.cpp
fed738d0a8d505689b746e780dd8a41f638c3ae5	Source_Files/GameWorld/monster_definitions.h
ff7de5804305b3680db40618f24cab9cf12c6b6d	Source_Files/Misc/ScenarioChooser.h
